Ultimate Performance Personal Trainers Sydney,5
Athletes Authority | Strength & Conditioning & Sports Physiotherapy,5
F45 Training Woolloomooloo,5
Movement 101 Marrickville,5
Strength and Pilates Physiotherapy,5
Snap Fitness 24/7 Penrith,5
City Cave Balmain,5
Insync Health Clinic,5
Soul Athletic Club,5
Snap Fitness 24/7 Campbelltown,5
Full Force Gym,5
Studio Pilates International Mosman,5
Supplement Mart Hornsby,5
Unit 7,5
Lockeroom Gym Personal Trainers Bridge Street,5
EC Health Clinic Physiotherapy and Pilates,5
Bodyfirst Pilates,5
AURA Pilates & Fitness,5
Dynamic Pilates - Manly,5
Code 5 Fitness - Balgowlah,5
Supplement World Parramatta,5
RIG Movement,5
Combine Air The Shire,5
FS8 Condell Park,5
Studio Athletica Bondi Junction,5
MODE Pilates Manly,5
HIIT Nation,5
Lockeroom Gym Personal Trainers Bligh Street,5
Equinox Martial Arts Academy,5
Soul Athletic Club,5
Movement 101 Neutral Bay,5
BODICOMPLETE,5
Supafit Performance,5
Carioti MMA,5
Movement District,5
Be Athletic City,5
The RESET Space Manly,5
SquareOne Physio + Pilates + Exercise - Mosman (Bridgepoint) Practice,5
"Zenly -your sensory haven for movement, rest & connection",5
Combine Air Rozelle,5
Legacy BJJ Parramatta,5
At 137 Health Club,5
Vision Personal Training Darlinghurst,5
Combine Air Paddington,5
Elite Personal Training,5
Yoga Hotspot,5
"Hornsby Health - Physiotherapy, Chiropractic, Exercise Physiology",5
168 Alexandria,5
Active Movement Studio Parramatta,5
S30 Surry Hills,5
Gym Physio,5
Elite Supplements Hornsby,5
"Infinite Health | Hornsby Physio, Chiro & Remedial Massage",5
Triflex Gym,5
Studio Pilates International Surry Hills,5
MODE Pilates Mosman,5
Align Studios,5
BFT Bankstown,5
Limitless Lifestyle Community,5
24 Fit Club,5
Curves Sutherland,5
InnerWest CrossFit,5
CrossFit Marrickville,5
Soultrain,5
Hybrid Training Hornsby,5
Movement 101 Cremorne-Mosman,5
ELEV8 Performance Gym Liverpool,5
Balmain Health Club - Personal Training & Group Fitness,5
FITA U Performance Centre,5
Gracie Balmain,5
LEVELS JIUJITSU CLUB - BJJ & Self Defence,5
Nashaat Zone Personal Training,5
Movement 101 Chatswood,5
Basement Health & Fitness,5
Chronic Gains Exercise Physiology,5
Me vs Me,5
Ultimate Performance Personal Trainers London Paddington,5
No Quarter Boxing Gym,5
F45 Training Neutral Bay,5
Yoga Loft Sydney,5
Pilates & Fitness Revolution,5
BFT Freshwater,5
Purebred Fitness,5
CrossFit Training & Group Fitness in Balmain – Accelerate Strength,5
All Grit CrossFit,5
Snap Fitness 24/7 Raby,5
Listen To Your Body (LTYB) Balgowlah,5
Anytime Fitness Glenmore Park,5
Longevity Exercise Physiology and Personal Training - Marrickville,5
TESGO training,5
BFT Penrith,5
Lift Inner West,5
Hayden Kelly Exercise Physiology & Sports Nutrition Hornsby,5
ReformU Pilates,5
South West Strength & Conditioning,5
BFT Bondi Junction,5
Live Well Health & Fitness Studio - Bondi Junction,5
Vision Personal Training Willoughby,5
Fitstop Dulwich Hill,5
Quantum Martial Arts Balmain,5
Mojo Physio Co. Rozelle | Balmain,5
38X Fitness,5
Double Dragon Martial Arts,5
Let's do it Fitness,5
Rare Studios Au (Bondi),5
Best Life Fitness,5
North Head Fitness,5
Feel Good Collective,5
Live Well Personal Training,5
Ehab Fit,5
Gracie Barra Blacktown City,5
KX Pilates Mosman,5
The Women’s Strength Coach Bondi,5
Bulldog Gym Manly,5
Move Right EP,5
Upstate Newtown,5
Fitness Lab,5
Rhino Health and Fitness,5
Combine Air Sydney CBD,5
Stanley Pilates and Yoga,5
Form Fit and Function Health Chiropractor Parramatta,5
Healthspan Collective,5
CrossFit Feel Good,5
Creature Fitness Bondi Junction,5
Lyf 24/7 Seven Hills,5
Infinite Performance,5
TRG The Roman Gladiators,5
Ivy Training,5
The Gym Condell Park | Crossfit & more,5
Fitstop Geelong,5
Fit For Living,5
The Training Collective,5
Soul Mosman,5
168 Marrickville,5
SIM Bondi,5
Community Moves,5
100Strong,5
APEX Athletiq Longevity Club,5
Legacy BJJ Chatswood,5
Fortified Body Gym,5
Strong Pilates,5
The Body Shapers,5
Goddess Outdoor Fitness,5
SPC Muay Thai Gym,5
The Longevity Coach,5
Gracie Sutherland Shire Brazilian Jiu-Jitsu Academy,5
ON Pilates,5
BFT Newtown,5
4 Corner Combat And Fitness Gym,5
BFT Lane Cove,5
Rec Gym Kirrawee,5
Pilates Aid,5
XFIT MOSMAN,5
CRUZ FITNESS,5
Forza Jiu Jitsu Bankstown,5
SPC Performance Lab,5
Pure Pilates Mosman,5
Mummas On The Move,5
CONDITN. Training Martin Place,5
The Body Factory,5
F45 Training Merrylands,5
Active 45,5
CONDITN. Training Sutherland,5
Beyond - Newtown,5
HIIT Pilates Studio Surry Hills,5
Fixate Fitness Bondi,5
KX Pilates Manly,5
Soul Bay Strength Training,5
Rise & Conquer CrossFit,5
inLIFE Wellness Penrith,5
inLIFE Wellness Parramatta,5
Sharper Fitness Penrith,5
Reborn Athletic,5
Fight Rite Gym,5
CrossFit Living The Dream,5
Dynamic Lifestyle,5
Balmoral Fitness Group,5
The Upbeat Bondi,5
The Jungle Body Sydney - Bondi,5
OzSquad Fitness,5
Manly Beach Running Club,5
SJJA Hornsby,5
Nepean CrossFit,5
Crew42,5
Fluidform Pilates,5
Powher Gym Liverpool,5
UMA Brotherhood Gym,5
StretchLab Campbelltown,5
Curves,5
Studio 84 Health & Fitness,5
Studio High Street Pilates & Movement,5
Studio40pilates Jannali & Cronulla,5
InPursuit Fitness,5
FitSlim Yagoona Bankstown,5
S & C Recovery Lab,5
98 Bondi,5
Fluidform Pilates,5
positivenrg,5
Zumba with Dee Bee Dance Fitness,5
Yoga My Love,5
My Gym Hornsby Children's Fitness Centre,5
Balmain Physio and Pilates,5
Marrickville Martial Arts Club,5
Movement & Health Solutions,5
Ring Craft Boxing Club,5
Forge Gym,5
Crashhotfitness,5
MVMT Studio,5
NBRHD BOXING MANLY,5
DLF Barbell Club,5
Squad Health & Fitness,5
Movement Collective Surry Hills,5
The Rep Club.,5
Singhaganta Muaythai Gym,5
Blue Box,5
Sportif,5
BodySpace Studios,5
ANTHEMCYCLE,5
Sports Ability,5
VAMOS Strength Balgowlah,5
Modern Movement,5
Movement Collective Pilates Parramatta,5
BARRE ATTACK,5
Alma Yoga,5
The Wellness Studio Bondi,5
OsteoStrong Manly,5
ReformX Pilates Penrith,5
Liverpool Weightlifting Club,5
PHOENIX FITNESS,5
SGC MMA,5
Conditn Hornsby,5
Baby Roo/MOSMAN Gymbaroo,5
Tribe Marrickville,5
Eternally Fit,5
Soul Revive Marrickville,5
The Yard Gym Condell Park,5
SKM Martial Arts,5
Boxfitness,5
CorePlus Darlinghurst - Pilates Yoga Reformer,5
Fitness Culture,5
Fitness Abdiction,5
PEACHES Pilates Cronulla,5
Phoenix-Strong Women,5
Fit Reflection,5
Zak Taylor Fitness,5
The Yard Gym Parramatta,5
Bang Bang Muay Thai,5
Reign Grappling Club,5
Dhamma Yoga,5
PEACHES Pilates Surry Hills,5
Peacock Pilates London,5
Exolt EMS Neutral Bay,5
KOPD Boxing,5
Freeman's Fitness Training Studio - Hornsby,5
Defuse,5
Vita Health Club,5
Glacier Fitness,5
The Yard Gym Kirrawee,5
DellaFit,5
The Yard Gym Marrickville,5
U. Personal Training,5
Jabout Boxing Gym,5
Progression Fitness,5
inLIFE Wellness,5
FitnessLab Cammeray,5
King Fit Training,5
Apex Liverpool,5
Peak Performance Liverpool,5
ProActive Health Hornsby,5
The Pilates Playground,5
Barbell Wellness,5
Performance Everyday,5
Nina Turner Training,5
Halo Pilates,5
Active Mum Fitness/Gym - Mums & Bubs - Manly,5
Adonis Athletics Penrith 24:7,5
Tierpro Gym,5
Movement Improvement Fitness,5
Cryo Fitness,5
F45 Training Sutherland,5
REFIT Training,5
ATGHQ Gym Leumeah,5
Group Fit Neutral Bay,5
MOVEMETHOD,5
Kiel x VRTUS,5
King HIIT,5
Fiercely Relentless,5
BYB,5
The Yard Gym Newtown,5
The Foundation Gym,5
BBB Gym Darlinghurst,5
Recovery & Fitness Mosman,5
The Bay Fitness Club,5
The Growth Initiative,5
NU Fit Penrith,5
KX Pilates Sutherland,5
Legends Brazilian Jiu Jitsu Blacktown Sydney,5
Pursuit Fitness Kirrawee,5
HYPOXI Hornsby,5
Finn Wehbeh Fitness,5
3D Health Club,5
the OM Movement,5
The Pt Studio by Charlie Rione,5
Zumba with Luiza,5
Balmain Iyengar Yoga Studio,5
Bootcamp Parramatta - Rush Hour Australia,5
Limitless Gym,5
The Fitness Refinery,5
Co-Lab Fitness,5
Kadami Studio,5
One Nectar Yoga,5
38X Pilates,5
Bodylove Pilates - Manly,5
Bro Fit Penrith,5
129 Health & Performance CrossFit Gym,5
Total Fitness,5
No Limits Gym Sutherland,5
Rebuild You Fitness,5
98 Gym Neutral Bay,5
Plan Longevity,5
Exalted Training,5
PitFit Rozelle,5
RISE Health and Fitness,5
Team One Fitness - Bondi Beach,5
Eagles Gym,5
Team Being Active,5
Fern Tree Yoga,5
STORMFITT,5
Balmain Boxing Club,5
HrdKAW Strength and Weightlifting Club,5
inLIFE Wellness Campbelltown,5
Turn’d Up Fitness with Karys,5
The Modern Body,5
Formula For Fitness,5
Philosophy Fitness Aus,5
Studio Combined,5
Combine Air Penrith,5
Omnis Academy of Fitness,5
Royston Medicine and Movement,5
The Fitcorp Factory,5
Jessica Jane Training,5
Health Max Exercise Physiology,5
Brave Wellness,5
Manly Pilates,5
Pilates Focus,5
Scoza Fitness,5
Pro Train Fitness,5
MediGYM Mosman,5
Joy In Movement Chatswood,5
9 Degrees Chatswood,5
Chatswood Pilates Studio,5
Fitness Script,5
Zen Fit Yoga,5
Betterfit,5
MY GYM Small Group Training,5
Daybreak Fitness Balmain,5
Urban Warriors,5
Bondi Mums,5
NFC Gym,5
BroFit Bankstown,5
Tribe Social Fitness Kirrawee,5
Gunnamatta Gym,5
FunFit Training Centre,5
Stronger You Studio,5
Dockside Fitness Liverpool,5
inLIFE Wellness Sutherland,5
Locals Gym Surry Hills,5
Sanus Active Body Therapies,5
Simon Says You Can Balmain,5
Gymbaroo Marrickville,5
SOHO Gym + Recovery,5
Bondi Bella fitness,5
Reps & Rounds Health & Fitness,5
All Stars Gym,5
Synergise Health and Fitness Centre,5
Kardinia Park Outdoor Gym,5
98 Gym Sydney,5
She Fitness,5
Balmain Bodies Pilates Studio,5
Marrickville Muscle Bench,5
Base Body Studio,5
Fight Gym,5
Manlybeachtraining,5
Outdoor gym,5
Ariapilates,5
Rozelle Calisthenics Park,5
STRONG Pilates Penrith,5
Burn Fitness Ladies Only Gym,5
Maximum Potential Calisthenics,5
Planet Fitness,5
The Yard Gym Campbelltown NSW,5
The Bar Gym,5
BH Movement,5
Praed Street Gym,5
MK Fit Fitness training,5
A,5
Marrickville Park Outdoor Fitness Station,5
Penrith Physiotherapy Sports Centre,4.9
Elite Supps Parramatta,4.9
BlocHaus Bouldering Marrickville | Sydney,4.9
Snap Fitness 24/7 Yagoona,4.9
F45 Training London Paddington,4.9
"XtraClubs Bondi Junction - Sauna, Ice Bath & Steam Room",4.9
Snap Fitness 24/7 Liverpool,4.9
Tribe Social Fitness,4.9
1UP Bouldering,4.9
Studio Pilates International Bathurst Street Sydney,4.9
Housed Basketball Chatswood,4.9
Flow Athletic,4.9
Snap Fitness 24/7 Cranebrook,4.9
MotivatePT,4.9
F45 Training Campbelltown,4.9
Anytime Fitness Northmead,4.9
168 Sydney City,4.9
Wellness Pilates Chatswood,4.9
Pilatesbarre Chatswood,4.9
F45 Training Bondi Junction,4.9
BFT Town Hall,4.9
Snap Fitness 24/7 Newtown,4.9
Nimbus Co Bondi,4.9
AGOGA,4.9
Adonis Athletics Campbelltown 24:7,4.9
The Studio Physio & Pilates,4.9
F45 Training Petersham,4.9
Love Pilates Willoughby,4.9
Rushcutters Health,4.9
Origin Gym ltd,4.9
InYoga,4.9
Pole Athletica,4.9
Soul Agenda Yoga & Pilates,4.9
Vision Personal Training Bondi Junction,4.9
Bondi Jiu Jitsu Academy,4.9
Studio Pilates International Neutral Bay,4.9
Steed Fitness Chippendale,4.9
Training Station 2,4.9
Witness The Fitness,4.9
Bondi Vixen,4.9
RedoHealth Physio Balmain,4.9
KX Pilates Marrickville,4.9
Kindred Training,4.9
707,4.9
SJJA Parramatta,4.9
F45 Training Darlinghurst,4.9
Concept G,4.9
Hustle Boxing Potts Point,4.9
Balmain Physiotherapy by Sydney Allied Health Group,4.9
Ninja Kids - Hornsby,4.9
Krave Fitness,4.9
Vision Personal Training Balmain,4.9
Vitamin Station,4.9
Core9 Fitness Penrith,4.9
The Compound Fitness Club,4.9
Leap Health and Wellbeing,4.9
TMPL Training,4.9
Hive Active,4.9
F45 Training Bankstown,4.9
F45 Training Balmain,4.9
VRTUS Bondi Beach,4.9
PEACHES Pilates Bondi,4.9
F45 Training Chatswood,4.9
PLATFORM 2750 GYM,4.9
SPT Transformation Chatswood,4.9
LIFT Gym,4.9
Ultimate Fitness Centre,4.9
Total Conditioning Group Fitness & Strength Gym - Inner West Sydney,4.9
C3 Training Marrickville,4.9
Power Core MMA Gym,4.9
Active Live Training,4.9
Club Pilates Manly,4.9
F45 Training Kings Park,4.9
London Wellness Studio,4.9
Sky J Pilates Parramatta,4.9
BUMP Jordan Springs,4.9
SureFit Geelong,4.9
BX1 Boxing & Fitness Gym,4.9
STRONG Pilates Rozelle,4.9
Invictus Health Club,4.9
Snap Fitness 24/7 Lane Cove,4.9
Functional Training Playground,4.9
The Yard Gym Padstow,4.9
RCVRI Cronulla,4.9
Our Yoga Space,4.9
Power and Fitness Gym,4.9
Genius Fitness Training,4.9
Revolution X Performance Centre,4.9
True Pilates Sydney Studio,4.9
Optimum Health Solutions - Blacktown,4.9
Rumble Boxing Manly,4.9
Body Library Pilates Studio,4.9
Studio Pilates International Manly,4.9
G3 Fitness Penrith,4.9
Elouera Tony Mundine Gym,4.9
Best Blacktown Massage/Rehab,4.9
Olympus Gym Australia,4.9
Kerrys Fitness,4.9
KX Pilates Balmain,4.9
Flowcore Studio,4.9
The Toll House Health and Wellness,4.9
FitSlim Parramatta,4.9
Anytime Fitness Arndell Park,4.9
12 Round Fitness Bondi Junction,4.9
Marrickville Yoga Centre,4.9
My Gym Children's Fitness Centre,4.9
Axis Athletic Performance Lab,4.9
Adonis Athletics,4.9
Rockstar Fitness,4.9
Lean Bean Fitness Bondi,4.9
Newtown Fitness,4.9
Vision Personal Training Marrickville,4.9
The Yard Gym Campbelltown SA,4.9
BUF Girls,4.9
The Functional Effect: Strength & Athletics,4.9
Envy Sports Science Clinic ️ ️ ‍ ️,4.9
The Fight Lab,4.9
BFT Hornsby,4.9
NEON STUDIOS,4.9
Manly Beach Fit,4.9
20v Paddington Studio | EMS Training,4.9
Harte Fitness,4.9
Bondi Icebergs Gym,4.9
Atmosphere Fitness Signature Gym,4.9
Onyx Gymnastics,4.9
CrossFit Chatswood,4.9
VRTUS Bondi Rd,4.9
Your Gym,4.9
Empower Personal Training & Nutrition,4.9
Shire Gymnastics,4.9
E-Leet Physiology,4.9
Strive Fitness Merrylands,4.9
Envy Sports Science Clinic ️ ️ ‍ ️,4.9
C3 Training Gymea,4.9
iFit Bondi,4.9
NSF Fitness & Nutrition (Next Step Fitness),4.9
World Gym Chullora,4.8
GFitness Freshwater,4.8
OnePointHealth Penrith,4.8
All Hours Fitness,4.8
Rileys Gym Seven Hills,4.8
The Healthy Mummy,4.8
Climb Fit Kirrawee,4.8
Anytime Fitness Sutherland,4.8
Elite Supps Bankstown,4.8
World Gym Northern Beaches 24/7,4.8
World Gym Granville,4.8
Gold's Gym Miranda,4.8
Thornleigh Squash & Fitness,4.8
SOMA Health & Wellness Club,4.8
BodyMindLife Bondi Yoga & Pilates,4.8
Plus Fitness 24/7 Cabramatta,4.8
Anytime Fitness Northbridge,4.8
Bikram Yoga Darlinghurst,4.8
Anytime Fitness Cronulla,4.8
Regenesis Fitness,4.8
Iron Gym Leumeah 24/7,4.8
Revolutions Health & Fitness Centre,4.8
Plus Fitness,4.8
PSF30,4.8
Anytime Fitness Paddington,4.8
Power Living Yoga Manly Studio,4.8
Central Performance,4.8
Scout Studios,4.8
The Fitness Connection,4.8
Plus Fitness 24/7 North Parramatta Victoria Rd,4.8
Body Beyond Health Club,4.8
Snap Fitness 24/7 Blacktown,4.8
Orangetheory Fitness,4.8
NYF GYM,4.8
Club Pilates,4.8
KX Pilates Parramatta,4.8
Power Living Yoga Neutral Bay Studio,4.8
Stepz Fitness Thornleigh,4.8
98 Gym Riley Street,4.8
Prime Strength,4.8
The Yard Gym Darlinghurst,4.8
Gracie Barra Hornsby,4.8
Anytime Fitness Werrington County,4.8
StretchLab Parramatta,4.8
24-7 Fitness Penrith (Westfield),4.8
Metroflex Gym,4.8
Central Yoga School,4.8
Kieser Geelong,4.8
UBX Blacktown,4.8
CrossFit Parramatta,4.8
Virgin Active Bondi Westfield,4.8
20Perfit,4.8
FIT College: Sydney City Centre,4.8
One Playground North Sydney,4.8
Pro-Flex Gym,4.8
Kieser Mosman,4.8
Edge Fit Surry Hills,4.8
LagreeFIT Mosman,4.8
Burraneer Fitness,4.8
M.I.A Studios Paddington,4.8
CrossFit Geelong: Geelong's Original CrossFit Gym,4.8
Anytime Fitness Chatswood East,4.8
The Fighters Club Pty Ltd,4.8
Joy in Movement - J.I.M Bondi Junction,4.8
Lifecare Sutherland Physiotherapy,4.8
EmpoweredFit Liverpool,4.8
REVL Training Neutral Bay,4.8
Customised Fitness Solutions Training Centre and Gym,4.8
CrossFit Lower Mountains,4.8
Duff Tuff Fitness,4.8
TFA GYM,4.8
Flow Physio Co,4.8
Reactive Health,4.8
EMF Health Club Circular Quay,4.8
ELITE Health Club,4.8
Killa Boxing Marrickville,4.8
Pinnacle Gym St Mary's,4.8
MG ACTIV,4.8
CommBank Stadium Outdoor Gym,4.8
Studio Evolution Fitness,4.8
The Gym Group Liverpool Great Homer Street,4.7
Anytime Fitness Bankstown,4.7
Anytime Fitness Lane Cove,4.7
Anytime Fitness Manly,4.7
Anytime Fitness Willoughby,4.7
Anytime Fitness North Rocks,4.7
World Gym Penrith,4.7
Anytime Fitness Chippendale,4.7
Plus Fitness 24/7 Glenmore Park,4.7
Barry's London West,4.7
Hiscoes Gym,4.7
Anytime Fitness Caringbah,4.7
Snap Fitness 24/7 Petersham,4.7
The Rock Adventure Centre,4.7
Anytime Fitness Mosman,4.7
Plus Fitness 24/7 Engadine,4.7
"Premier Health & Fitness Centre, Brookvale",4.7
Jetts Neutral Bay,4.7
Plus Fitness Newtown,4.7
Black Belt Martial Arts Hornsby,4.7
LagreeFIT,4.7
PCYC park,4.7
Manly Beach Health Club,4.7
Derby Lane Health & Fitness,4.7
Nitrixx Fitness,4.7
Climber Collective,4.7
Studio Mouvoir,4.7
Masda Gym Liverpool,4.7
The Lab,4.7
CrossFit Bondi,4.7
Bondi Fitness Studios,4.7
Balmain Sports Medicine,4.7
Cronulla Strength & Movement,4.7
Studio Arise,4.7
Universal Fitness Pemulwuy,4.7
EFM Health Club,4.7
Conditn Manly,4.7
Bondi Active,4.7
Pure Reformer Cronulla,4.7
Cube Fitness,4.7
Bondi Beach Fitness + Rehab,4.7
JM Fitness,4.7
Fightclub Bankstown,4.7
WilkinsBarbell High Intensity Power Training,4.7
Titanic Hotel Liverpool,4.6
Bondi Icebergs POOL,4.6
Anytime Fitness Haymarket,4.6
One Playground Newtown,4.6
The Gym Group Liverpool Central,4.6
Fernwood Fitness,4.6
Anytime Fitness Surry Hills,4.6
Gold's Gym,4.6
Fernwood Fitness,4.6
Atmosphere Health & Fitness Club,4.6
City Gym Sydney,4.6
Anytime Fitness Martin Place,4.6
Snap Fitness 24/7 Doonside,4.6
Anytime Fitness Edgecliff,4.6
Premier Health & Fitness,4.6
The Bunker Gym,4.6
Universal Fitness Group,4.6
Plus Fitness 24/7 Sutherland,4.6
Barry's - Surry Hills,4.6
Plus Fitness 24/7 Thornleigh,4.6
Plus Fitness 24/7 Caddens,4.6
Gym 21 Liverpool,4.6
Vision Personal Training Penrith,4.6
Anytime Fitness Prospect (NSW),4.6
Barry's - Martin Place,4.6
All Time Boxing,4.6
Jetts Northmead,4.6
North Bondi Outdoor Gym,4.6
FIT4ALL,4.6
BodyEthos,4.6
Virgin Active Bligh Street Gym,4.6
Barry's - Kings Cross,4.6
Bondi Gym,4.6
Steed Fitness Milsons Point,4.6
FIT College: Fitness Courses in Parramatta,4.6
Body Contrology Pilates Studios,4.6
Flow Well Studio,4.6
F45 Training Geelong,4.6
Bondi Boxing Gym,4.6
ReformX Pilates North Parramatta,4.6
Hakea Wellness,4.6
Rumble Boxing - Bondi Beach,4.6
Plus Fitness 24/7 Colebee,4.6
The Village Sport,4.6
PCYC Sutherland,4.6
City Gym Eatery,4.6
The Gym Group London Paddington,4.5
Manly Andrew 'Boy' Charlton Aquatic Centre,4.5
One Playground Surry Hills,4.5
Strive Fitness Parramatta,4.5
Anytime Fitness Potts Point,4.5
Crunch Fitness Caringbah Gym,4.5
Fernwood Fitness,4.5
Anytime Fitness,4.5
World Gym Prospect,4.5
Nature's Energy Day Spa & Bathhouse in Balmain,4.5
Anytime Fitness Wolli Creek,4.5
Fernwood Fitness,4.5
Slow House Bondi,4.5
24-7 Fitness - Blacktown (Westpoint),4.5
Aquafit,4.5
Anytime Fitness Blacktown,4.5
JD Gyms Liverpool South,4.5
Squashlands Gym & Fitness,4.5
Plus Fitness 24/7 Punchbowl,4.5
Plus Fitness 24/7 Liverpool,4.5
Newtown Gym,4.5
Plus Fitness Gym Chatswood,4.5
Snap Fitness 24/7 Manly West,4.5
Anytime Fitness Punchbowl,4.5
North West Mecca Gym,4.5
Plus Fitness 24/7 Cremorne,4.5
Anytime Fitness,4.5
Anytime Fitness Penrith,4.5
The Climbing Centre,4.5
Nutrition Warehouse Bankstown,4.5
Balmain Fitness,4.5
One Hot Yoga & Pilates,4.5
Plus Fitness 24/7 Bass Hill,4.5
Plus Fitness,4.5
Pinnacle Fitness Club,4.5
P.E. Department,4.5
BEACHOUSE,4.5
Plus Fitness Pyrmont,4.5
Jetts Geelong West,4.5
Iron Gym Platinum - Campbelltown 24/7,4.5
Anytime Fitness Stanhope Gardens,4.5
Balance Moves Pilates & Barre Studio,4.5
10 South,4.5
YMCA Newtown Stadium,4.5
Trident Gym Liverpool,4.5
The EMS Hub - Hornsby,4.5
Macarthur Square,4.4
Bondi Icebergs Swimming CLUB,4.4
Meriton Suites Chatswood,4.4
Crunch Fitness Parramatta,4.4
Doyle Ground,4.4
One Playground Marrickville,4.4
Rofe Park,4.4
The Gym Group Liverpool One,4.4
PureGym Liverpool Brunswick - Upgrade Complete!,4.4
James Park,4.4
Strive Fitness Marrickville,4.4
Anytime Fitness Kings Park,4.4
Anytime Fitness Circular Quay,4.4
Millennium Health Club,4.4
Anytime Fitness Pyrmont,4.4
Anytime Fitness Neutral Bay,4.4
Plus Fitness 24/7 Darlinghurst,4.4
Fernwood Fitness,4.4
1Rebel Bayswater,4.4
The Well,4.4
Engadine Leisure Centre,4.4
Fernwood Fitness,4.4
Macquarie Fields Fitness & Indoor Sports Centre,4.4
Snap Fitness 24/7 Cronulla,4.4
Fitness House Ladies,4.4
F45 Training Paddington QLD,4.4
Anytime Fitness Chester Hill,4.4
Jetts Seven Hills,4.4
Bulldog Gym Parramatta,4.4
"Western Sydney University Gym, Kingswood",4.4
Affordable Fitness,4.4
Anytime Fitness Mount Colah,4.4
Fitness Local Dulwich Hill,4.4
Icon Gymsports,4.4
Iron world fitness,4.4
Club Lime Geelong CBD,4.4
Sweaty Soul Sydney,4.4
Plus Fitness 24/7 Newbrook,4.4
Westfield Parramatta,4.3
Bankstown Sports Club,4.3
Lane Cove Aquatic,4.3
Hornsby Aquatic and Leisure Centre,4.3
Sutherland Leisure Centre,4.3
Nuffield Health Paddington Fitness & Wellbeing Gym,4.3
Bodyfit Blacktown,4.3
Plus Fitness 24/7 Parramatta,4.3
Anytime Fitness Bondi Junction,4.3
Eagle Vale Central,4.3
Elixr Health Clubs,4.3
Anytime Fitness Newtown,4.3
World Gym Moore Park,4.3
UFC GYM Macarthur Square,4.3
Revo Fitness - Pitt St Sydney,4.3
Fitness First The Zone Platinum,4.3
Anytime Fitness Riverwood,4.3
In-Balance Fitness,4.3
Caringbah Leisure Centre,4.3
Anytime Fitness Lewisham,4.3
The Y NSW Penrith,4.3
Plus Fitness 24/7 Kirrawee,4.3
Plus Fitness 24/7 Hornsby,4.3
Club Lime Titanium Pyrmont,4.3
Anytime Fitness Paddington,4.3
Fluidform Pilates,4.3
Rileys Gym Cronulla,4.3
Plus Fitness Manly,4.3
Anytime Fitness Jordan Springs,4.3
Plus Fitness 24/7 Cranebrook,4.3
Plus Fitness 24/7 Kareela,4.3
Bondi Health & Fitness,4.3
SXL Gymnastics,4.3
Jannali Community Centre,4.3
Anytime Fitness Thornleigh,4.3
PCYC City of Sydney,4.3
Westpoint,4.2
Westfield Hornsby,4.2
Hornsby RSL Club,4.2
"Waves Fitness & Aquatic Centre, Baulkham Hills",4.2
Ian Thorpe Aquatic Centre,4.2
Cook + Phillip Park Pool,4.2
rebel Blacktown,4.2
Anytime Fitness Parramatta South,4.2
University of Liverpool Sports and Fitness Centre,4.2
Anytime Fitness Toongabbie,4.2
Jubilee Park,4.2
Morris Iemma Indoor Sports Centre,4.2
Fitness First Bond St Platinum,4.2
Anytime Fitness Redfern,4.2
Anytime Fitness Leichhardt,4.2
Plus Fitness 24/7,4.2
World Gym Castlereagh,4.2
Plus Fitness 24/7 Arndell Park,4.2
Menai Indoor Sports Centre,4.2
World Gym North Parramatta,4.2
Anytime Fitness Granville,4.2
Planet Fitness,4.2
Strive Wellness Marrickville,4.2
Wellness Department,4.2
FIT Health Clubs,4.2
Fitness Republic 24/7,4.2
Hornsby RSL Gymnastics,4.2
Glow Gym,4.2
PCYC Bankstown,4.2
Rushcutters Bay Park Fitness Station,4.2
Pronto Pilates - Manly,4.2
Viva Health Club,4.2
InfinityCore×FlygymAu,4.2
Joy in Movement - J.I.M Paddington,4.2
Bankstown Central,4.1
Campbelltown Mall,4.1
Workers Blacktown,4.1
Club Parramatta,4.1
Blacktown Leisure Centre Stanhope,4.1
Liverpool Aquatics Centre Lifestyle,4.1
Crunch Fitness Bankstown,4.1
Oxford Village,4.1
David Lloyd Speke,4.1
Anytime Fitness Hyde Park,4.1
JD Gyms Liverpool City Centre,4.1
Anytime Fitness Marrickville,4.1
Dedicated SuperGym,4.1
Virgin Active Pitt Street (MidCity Centre) Gym,4.1
Genesis Health and Fitness,4.1
Village Gym Liverpool,4.1
Little Venice Sports Centre,4.1
Anytime Fitness Milperra,4.1
UFC Gym,4.1
UFC GYM Signature,4.1
Bodyfit Marrickville,4.1
Plus Fitness 24/7 Wolli Creek,4.1
Plus Fitness 24/7 Rydalmere,4.1
Anytime Fitness Campbelltown,4.1
ActivateFit.Gym,4.1
PureGym Liverpool Edge Lane | New Kit Just Landed,4.1
Bankstown City Sports Complex,4.1
Club Lime St Peters,4.1
Plus Fitness 24/7 Artarmon,4.1
Plus Fitness 24/7 Bankstown,4.1
Plus Fitness 24/7 Balgowlah,4.1
Anytime Fitness Campbelltown West,4.1
Bankstown Memorial Park,4.1
Mosman Swim Centre,4.1
Anytime Fitness,4.1
Urban Oasis by One Playground,4.1
PCYC Blacktown,4.1
rebel rcx Parramatta,4
Monkey Mania Bankstown,4
Blacktown Aquatic Centre,4
Crunch Fitness Alexandria Gym,4
JD Gyms Liverpool Edge Lane,4
PureGym Liverpool Central,4
rebel Bankstown,4
Nuffield Health Liverpool Fitness and Wellbeing Gym,4
Plus Fitness 24/7 Westmead,4
Anytime Fitness Balmain,4
Club Lime Penrith,4
Snap Fitness 24/7 Sydney City,4
Hornsby 24/7 Gym,4
Club Lime Castle Hill,4
Turbo Climb,4
Her Health & Fitness,4
Harbour Health & Fitness Club,4
PCYC Penrith,4
Steel Park Outdoor Gym,4
