,Direct Chemist Outlet Bankstown,5
,Verve Barbering,5
,UPTOWN Barbers St James Arcade,5
,Barber on Boyle,5
,Condell Park Barber Shop,5
,Men’s Cuts Wynyard,5
,Prestige Barberia,5
,Spitz Groom,5
,"Shadow, Foxxy and Me Dog Grooming",5
,Barbers Republic co Wynyard,5
,Carl's Cave Barbershop,5
,JC BARBER PEC,5
,The Paw Centre,5
,The Brother's Cartel,5
,Fay Khachouf Hair Pty Ltd,5
,Beautified by Dania,5
,Pawdressers,5
,Flawless Paws Pet Grooming,5
,Waggle House,5
,Dog Town Liverpool,5
,Barber Atelier,5
,Barber At The Bar,5
,Blue Paw Paw Grooming,5
,Perfect Paws Dog Grooming,5
,Clean Beans Dog Grooming,5
,Fluffy Parlor Pet Grooming,5
,Pet Boarding & Doggy Daycare,5
,SarahHall_Hair,5
,Fresh By Prince Men's Grooming Surry Hills,5
,Star Paws Grooming Studio,5
,Pampered Floof,5
,Shaggy Babies,5
,Go!Pet Grooming,5
,Men's Cuts Martin Place,5
,Flair For Fur,5
,G7 pets grooming & boarding 寵物美容&寄宿,5
,Darling Doggies Dog Grooming,5
,True Cut Barber Studio,5
,Mandy's Fur Dressers,5
,Deespaws Grooming,5
,Best Buddy's Grooming and Pet Care,5
,Groovy Groomers,5
,The Fab Fur,5
,Fluffy Puppies Dog Grooming Pty Ltd,5
,BAMBO＆POCHI Grooming,5
,Vip Barber Penrith,5
,Dog Grooming by Inese,5
,Petstylecut,5
,Harleys Groom Room,5
,The Prefurred Groomer,5
,Momosho Pet Spa,5
,KK9 BARKING MAD GROOMERS,5
,Yello Door Studios,5
,Kloud9pet Gardenvale,5
,d'Spa Dog Spa,5
,AllDog Grooming,5
,Penrith Valley Pet Care,5
,The Rabbit Retreat Sydney,5
,Bondi Paw Patrol,5
,C P Dog Salon,5
,Doggy Hair Doos Dog Grooming,5
,Ohana Dog Washing and Grooming,5
,Blendified,5
,The Mens Grooming Gateway - Circular Quay,5
,Doggi,5
,Oces Holistic Dog Grooming & Self Service,5
,Four Legs Grooming Salon - Dog Wash & Dog Grooming Mosman,5
,Bankstown Discount Hair,5
,Fluffy Finish Groomery & Daycare,5
,Dogs in Town,5
,Hero Paws Dog Grooming,5
,Dog Diversity Grooming School,5
,Poochie Clean,5
,Silver Pawz Salon,5
,Bondi Groomer,5
,The Groom Studio,5
,Dandy Puppies,5
,Nadia's Classic Cuts for Dogs,5
,Paramount Paws®️ Dog Grooming,5
,Kiah Grooming,5
,Leah's Dog Grooming,5
,The Pup Spa Grooming Salon,5
,The Fur Salon Dog grooming by fluff n puff,5
,Loyal Friends | Dog Grooming | Cat Grooming Surrey Hills,5
,The Luxe Dog Grooming Salon,5
,Furever Friends Dog Grooming,5
,Dirty Dog Huyton,5
,Pawfect Pinups Grooming Salon,5
,Styling Poochies Dog Grooming,5
,Evie Weevie's Dog Groomers,5
,Buddy Bubbles Dog grooming,5
,Beauty And Beast Dog Grooming,5
,Big And Small Dog Grooming,5
,Groomed by Tana - Dog Grooming Inner West Sydney- home based salon,5
,Canine conundrum,5
,Coco & Friends Mobile Grooming,5
,Clara’s Boutique,5
,Sarah Cain9 Dog Grooming,5
,Greenwood Academy,5
,Darlings Dog Grooming,5
,Tails of the Bay,5
,Furbank dog spa,5
,Fur Sure Grooming,5
,Woof of Paw Street,5
,The Little Grooming Hut,5
,Puppy Glam Dog Grooming Miranda,5
,Bannockburn Dog Grooming and Pet Supplies,5
,Ewa.groomglow,5
,Allies Dog Grooming,5
,Donna’s dog grooming,5
,The Pooch Crew,5
,Jazz'd Up Pups,5
,Smooching The Pooch,5
,For Paws Salon,5
,DOG CARE UK GROOMING,5
,Pretty Paws by Jade,5
,Hollywood pets,5
,Pampering Pawz,5
,Juliez Dog Grooming,5
,Rub-A-Dub Dog,5
,Wags Dog Grooming Services,5
,Absolute PAWfection Dog Grooming,5
,Puptown Girl Dog Grooming,5
,Shire Grooming Club,5
,Neat Paws,5
,WOOOF Dog Grooming,5
,Nepean Therapy Dogs,5
,Bethan's Dog Groomers,5
,Chops dog grooming parlour,5
,Love on a Leash Dog Grooming Salon,5
,The Singing Groomer,5
,Happy Paws Gisborne,5
,Bark Fur Joy Dog Grooming,5
,SAM SAM canine stylist,5
,Pawsitively Awesome Pet Food,5
,Aunty Shirls Pooch Palour,5
,Wren Mae's Grooming Geelong,5
,Dog Shed Pet Styling,5
,Pup-ettes Dog Grooming,5
,Jim's Dog Wash Punchbowl,5
,Grooming with Love,5
,Kip Happy Stays Collection Centre in Newtown,5
,Woof n’ Go Grooming,5
,Grooming By The Bay,5
,Debs Doggie Day Spa,5
,Clip Art Grooming Services,5
,Cloud 9 Dog Grooming,5
,PawPaw Pet Grooming VIC,5
,Doggy Stylez - Mobile Dog Grooming,5
,Barks N Bubbles Grooming,5
,James' Mobile Pet Grooming & Hydobath Emu Plains - Emu Heights,5
,Her of the Dog Mobile Grooming & Pet Treats,5
,Grooming Gorgeous Liverpool,5
,K9CountrySpa,5
,Pooch Pawfect Salon & Spa,5
,The Shire Dog Grooming Salon,5
,Posh Paws Mobile Pet Grooming,5
,Wag’n Tails @engadine Dog Grooming & Daycare,5
,Fur Dooz Dog Grooming,5
,Grooms by Shannon,5
,Caveman Barbers,4.9
,UPTOWN BARBERS DYMOCKS,4.9
,Barber Industries,4.9
,Groom & Style Barber Shop,4.9
,AMORE Barbershop Bondi Beach,4.9
,lamanco barbershop,4.9
,Beachside Barbers,4.9
,IPOH BARBERSHOP,4.9
,Sonder Men's Grooming Chatswood,4.9
,Tate & Lyle Sydney,4.9
,Dirty Dogs Grooming Centre,4.9
,The Lid Doctor - Contemporary Barbers in Surry Hills,4.9
,Pyramid Cuts,4.9
,York Barbers,4.9
,Bloomingtails,4.9
,Beyond The Fade Barbershop,4.9
,Tooth & Nail,4.9
,The Dog Social,4.9
,Bladez&Co Bankstown,4.9
,Z VIP BARBER,4.9
,BY FRANCE.,4.9
,Crowns,4.9
,Darlo Dogs,4.9
,MAN MADE BARBER,4.9
,Groom Club,4.9
,Mutts Cutts,4.9
,Uncanny Animals,4.9
,Pawshake,4.9
,Kiru Barbershop,4.9
,Barberfield Bankstown,4.9
,Paw4Friends,4.9
,The Barberworks Marrickville,4.9
,Dogone,4.9
,Pooch Pawfection Penrith,4.9
,Berlin Barber Shop,4.9
,Barberz Zone,4.9
,Men’s Grooming Services Sydney,4.9
,Laura's Groom Room,4.9
,Men's Culture Barber 25 Martin PL,4.9
,Pawer Pet Grooming Studio,4.9
,Q MAN Barbershop,4.9
,Kip Newtown Dog Daycare,4.9
,The Surry Cutters,4.9
,V & Rose Pet Grooming,4.9
,Faye's Doggy Boutique,4.9
,Croxteth Park Dog Groomers,4.9
,Dogs in Town,4.9
,Pup Boutique,4.9
,Yappy Dapper Doo,4.9
,Cuties Dog Grooming Salon,4.9
,De's Dapper Dogs Grooming Salon,4.9
,STAG MEN'S GROOMING,4.9
,Dorgi Town,4.9
,Mojo Pets,4.9
,In The Dog House,4.9
,Brians Grooming,4.9
,Lil Red Waggin’ Dog Grooming,4.9
,197 Sydney Massage Waxing & more(213 Clarence St new&only location),4.9
,Grubby Paws Mobile Dog Wash & Groomer,4.9
,Clarkes Barks Dog Grooming,4.9
,Little Happy Paws Dog Grooming,4.9
,Glamour Paws and Play,4.9
,Sandra's Grooming,4.9
,K9 Central,4.9
,Underwater Dogs Haircare,4.9
,Nic's Pet Grooms,4.9
,Perfection Pet Styling,4.9
,Tatty tails ltd,4.9
,Doggy BnG Grooming,4.9
,Six N more Doggie Daycare & Boarding Center,4.9
,Absolute Woof,4.9
,Make it yappy,4.9
,Emma Scissorhands Pet Styling,4.9
,Hey Dawg Grooming Co,4.9
,All Paw'd Up Dog Grooming,4.9
,Sydney Barbers,4.8
,Barber Industries QVB,4.8
,Barber Industries,4.8
,Mister Chop Shop,4.8
,Dogs in Town,4.8
,MANKiND,4.8
,The Men's Grooming Lane Cove,4.8
,Maru Maru Pet Services,4.8
,Big Paws Little Paws,4.8
,Paw Stars Bondi Beach,4.8
,The Mens Grooming - Quay Quarter Lanes(Circular Quay),4.8
,Royal Blends Barbershop Campbelltown,4.8
,PUPNPUSSY Sydney,4.8
,Dapper & Boss Bankstown,4.8
,Paw Stars Alexandria,4.8
,Hornsby Heights Vet Hospital,4.8
,Puppuccino Pet Spa Wolli Creek,4.8
,Paddington Vet,4.8
,Pepper & Murphy's Dog Grooming Salon,4.8
,Four Paw,4.8
,Groomzy Cat Grooming,4.8
,Hot Dog,4.8
,Sydney barbers MET centre,4.8
,CBD UPPERCUTS,4.8
,The Groomers Liverpool,4.8
,Shampers Dog Grooming Salon,4.8
,Wags & Washes,4.8
,Pup Paws Grooming Studio,4.8
,Barber Paw dog grooming Naremburn/Crows Nest 2065,4.8
,Men's culture Circular Quay,4.8
,Barkingham Palace Dog Grooming,4.8
,The Furdressers,4.8
,Dog de Miow Potts Point,4.8
,Wedding Paws,4.8
,Hobsons Bay Dog Grooming,4.8
,Monkey Business Dog Grooming,4.8
,Saint Rocco,4.8
,Kip Marrickville Dog Daycare,4.8
,Splish Splash Dog and Cat Grooming Salon,4.8
,My Precious Barbershop,4.8
,Oh La La Pet Grooming Parlour,4.8
,One Fur All,4.8
,Smooch Ya Pooch Dog Grooming Salon,4.8
,Paw Parlour Dog Grooming Salon,4.8
,Scissored Paws,4.8
,Bertie’s House,4.8
,Mela's Doggy Day Spa,4.8
,D&C Pet grooming Salon,4.8
,Neighbour Dog Grooming,4.8
,Rogue Royalty,4.7
,NOAH Barber Sydney,4.7
,(Dr Spot) Campbelltown North Animal Hospital,4.7
,Ziggy's,4.7
,Hummies,4.7
,Paddington Pups,4.7
,Bankstown Barber Salon,4.7
,Face of Man,4.7
,Southern Cross Veterinary Clinic Surry Hills,4.7
,Hubble Barn,4.7
,Hills Grooming and Georgie's Play Park,4.7
,Barbers Republic co.,4.7
,The spot barber,4.7
,Condell Park Produce & Pet Supplies,4.7
,Sparkling Paws Dog Grooming,4.7
,Bath to Bow Dog Groomer,4.7
,The spot barber shop campbelltown,4.7
,Bubble Dog Grooming Services,4.7
,Puppuccino Pet Spa Darling Square,4.7
,Kellys K9 Kutz,4.7
,Mucky Mutz Dog Grooming,4.7
,Laura's Dog Grooming,4.7
,Happy Paws Pethouse Chatswood,4.7
,Urban Tails Dog Grooming Salon,4.7
,Dogs in Town,4.7
,Puppuccino Pet Spa Mosman,4.7
,Fuzzy Monsters Pet Boutique & Salon,4.7
,Puppy Square,4.7
,FURology Holistic Dog Styling & Spa,4.7
,The Grooming Lounge Barbershop,4.7
,The Fur Salon by Rufus & Coco (Mosman),4.7
,PatPal Dog Grooming,4.7
,Barber Brothers Cronulla - Grooming on the bay,4.7
,Puppcorn Potts Point,4.7
,Hair of the Dog - Holistic Dog Grooming,4.7
,Sherlock's Dog Groomers,4.7
,Groomingdales,4.7
,Ritzy Pets,4.7
,PAWFECT DOGGY DAY SPA,4.7
,Petopia Studio Dog Grooming & Daycare,4.7
,Pawz and Relax Pet Spa,4.7
,Pawdicure,4.7
,Little Paws Playcare,4.7
,Fraser&pooch dog groomers liverpool,4.7
,Doggy Styles,4.7
,Dog N Grooming,4.7
,Twinkle Bow Dog Grooming,4.7
,Doggy Styles Dog Grooming Old Swan,4.7
,Our Salon Blacktown,4.7
,Canine Divine Grooming Salon,4.7
,Furry Friends Market,4.7
,Sydney Bro’s Barber Shop PTY LTD,4.6
,Bankstown Veterinary Hospital,4.6
,Sydney Bro's barber shop,4.6
,PetO Hornsby,4.6
,Groom-me by Lisa-Marie,4.6
,PetO Penrith,4.6
,Blacktown pets & stockfeeds,4.6
,Darling Dogs Boutique,4.6
,Pets Warehouse Penrith,4.6
,Dogs @ Play,4.6
,Blends & Brothers Penrith,4.6
,DOGUE Bondi,4.6
,Kylies Cat Grooming Services,4.6
,Urbanimals Pet Wahroonga,4.6
,Grand Royal Barbers Surry Hills,4.6
,Paw Stars,4.6
,Ultimutt,4.6
,Lil' Rascals Pet Services,4.6
,Desi brothers cuts,4.6
,Gentlemen’s Barber House,4.6
,Pet Time Grooming Shop Miranda,4.6
,Dapper & Boss The Galeries (barber),4.6
,Puppoochy Dog Grooming,4.6
,Comfy Groom Roseville,4.6
,The Naked Barber,4.6
,Bankstown Dog Clipping and Grooming Salon,4.6
,Daisy's Dog Parlour,4.6
,Lavish Paws Pet Grooming Studio,4.6
,Anikask9s,4.6
,Greencross Vets Coreen Avenue,4.5
,PetO Blacktown (formerly Best Friends Pets),4.5
,Campbelltown Pet & Aquarium Centre,4.5
,The Barber Co. Sydney,4.5
,Pets On The Point,4.5
,Petcare 2000 Yagoona,4.5
,TONI&GUY,4.5
,PetO Campbelltown,4.5
,Masters Pet Grooming,4.5
,THE BARBERHOOD,4.5
,Doggy Dooz Dog Grooming,4.5
,Newtown Sakura la Dog Grooming Salon,4.5
,Pooch and Hound,4.5
,Petbarn Surry Hills,4.5
,Truefitt & Hill QVB Sydney,4.5
,The Groomery: Rosanna's Legacy (Cat Grooming Salon),4.5
,The Dog Wash - Bath House and Grooming,4.5
,The Spoilt Dog - Styled by Elisa,4.5
,Woofcuts,4.5
,Doggy Beauty Parlour,4.5
,sweeps dog grooming,4.5
,Nepean Mountains/Pooch Pawfection Dog Grooming,4.5
,Shear Elegance Pet Styling,4.5
,PetO Marrickville,4.5
,Muddy Dogs - Dog Grooming & Pet Supplies,4.5
,The Dog Parlour,4.5
,PAWPALS Dog Grooming Salon,4.5
,Paws N' Stuff (Deer Park),4.5
,Tilly’s Barber,4.5
,Queens Drive Pet Groomers,4.5
,Rara Pet Care,4.5
,Groomie - Mobile Dog Grooming Salon,4.5
,Petbarn Campbelltown,4.4
,Central Barber Shop Sydney - Haymarket,4.4
,Petbarn Penrith Coreen Ave,4.4
,The Barber Shop,4.4
,Petbarn Chatswood,4.4
,Petbarn Penrith Mulgoa,4.4
,The Mens Grooming,4.4
,Petbarn Blacktown,4.4
,THE BARBERHOOD,4.4
,Uppercuts Barbershop,4.4
,Groom 2 Grow Parramatta,4.4
,Sheridans Dog Grooming,4.4
,The Chatswood Cat Palace,4.4
,Just Muts,4.4
,Blacktown Birds & Pets,4.4
,Woof The Original Dog Grooming,4.4
,Kingsmen Hair,4.4
,The Mens Grooming - Chatswood,4.4
,The Barkber Shop,4.4
,Paddo Pets,4.4
,Professional Mens Cut,4.4
,Toe Beans Grooming,4.4
,Barking Department Pet Shop,4.4
,Grubby Paw Patrol,4.4
,The Fur Salon by Rufus & Coco (Queens Park),4.4
,Pooch's Place,4.4
,Pawfect Paws,4.4
,Clip And Trim,4.4
,Petbarn Punchbowl,4.3
,Desi Cutz Blacktown,4.3
,Boyz 2 Menz,4.3
,Dappers & Dolls Barber and Salon,4.3
,Petbarn Hornsby,4.3
,Petstock Penrith,4.3
,Jumbo Pets,4.3
,Kingsmen Hair,4.3
,Petbarn Marrickville,4.3
,Petstock Mt Annan,4.3
,Pure Paws Dog Bakery,4.3
,WoofWash DIY Dog Wash Marrickville,4.3
,"WolfsDen Dog Grooming, Melton",4.3
,Dirty Dogs Mobile Hydrobathing,4.3
,Paw Pleasure,4.3
,The Shearing Shed Dog Grooming Salon,4.3
,"Pampered Pups, Pet Stylist",4.3
,Colour x lounge,4.2
,Gabriel Barbers HQ,4.2
,Vets On Crown,4.2
,Petstock Campbelltown,4.2
,Dainty Dog grooming salon,4.2
,Hello petty grooming salon,4.2
,Pawsum,4.2
,Lovable Pets Grooming Salon,4.2
,Dog Depot,4.2
,NOSE PET GROOMING Sydney,4.2
,Happy Go Puppy - Grooming & More - Como,4.2
,D's Dog Grooming,4.2
,Paws n Whiskers,4.2
,Dapper & Boss Blacktown,4.1
,The Groom Room Liverpool Edge Lane,4.1
,Family Pets,4
,Bass Hill Veterinary Hospital,4
,The Cute Canine Dog & Cat Grooming Salon,4
,Nepean Poodle Parlour,4
,Moggy and Mutt,4
,Sam’s Pampered Pooches,4
,The Dandy Dog,3.8
,Shaver Shop Bankstown,3.7
,Fluffy and Knuckles,3.7
,BROBAR BANKSTOWN,3.7
,Alot 'A' Luv Dog Grooming,3.5
,Dirty Dawgz Dog Grooming,3.5
,Pampered Petz Hornsby,3.4
,Blacktown 8 - Sydney Blacktown Brothel & Adult Services,3.4
,Geelong Dog Wash and Grooming,3.4
,Chemist Warehouse Sydney Central,3.2
,Chemist Warehouse Bankstown,2.9
,Jim's Dog Wash Woolooware,2.7
,Showzer Dog Wash - Haymarket,2.6
,Nina Dogs Best Friend,1
,Dog Grooming Mentorship Australia,N/A
,A Girl's Pawsfriend,N/A
,LOVEDOG,N/A
,PawsSpree,N/A
,Dee4dogs,N/A
,Woof Ink Dog Grooming,N/A
