Family Dental Care Campbelltown,"4,6"
Primary Dental Bondi Junction,"4,7"
Dental Boutique Sydney,"4,8"
Bondi Family Dentist,"4,9"
Sensational Smiles Dental,5
Delight Dental Spa Mascot,"1,1"
Dental Suite,2
Spa Dental Sydney CBD,3
Sydney Road Dental Care,4
The TLC Dentist,"3,4"
Smile Labs Sydney - Parramatta,"4,6"
The Paddington Dental Surgery,"4,7"
Paddington Dentistry,"4,8"
Dental Boutique Chatswood,"4,9"
Tooth Crusader,5
Dr Rez,"1,1"
Earlwood Dental Care,2
Advanced Dental,3
Beachside Orthodontics,4
Lumina Dental Clinic Sydney,"3,4"
Boutique Dental Bondi,"4,6"
Dental Design,"4,7"
Parramatta Dentistry | Cosmetique Dental,"4,8"
Sutherland Dental,"4,9"
Nepean Family Dental and Implant Centre,5
Vivaldi Smile Artisans,"1,1"
Limitless Dental,2
True Smiles Dental,3
